{"cameraMode":{"drawMode":0,"name":"Shaded","section":"Shading Mode"},"sceneLighting":true,"audioPlay":false,"sceneViewState":{"showFog":true,"showMaterialUpdate":true,"showSkybox":true,"showFlares":true,"showImageEffects":true,"showParticleSystems":true},"in2DMode":false,"pivot":{"x":-381.2807312011719,"y":-70.88026428222656,"z":-35.08808898925781},"rotation":{"x":-0.16161295771598817,"y":0.18945448100566865,"z":-0.03162936866283417,"w":-0.9679813385009766},"size":278.6993408203125,"orthographic":false}