{"cameraMode":{"drawMode":0,"name":"Shaded","section":"Shading Mode"},"sceneLighting":false,"audioPlay":false,"sceneViewState":{"showFog":true,"showMaterialUpdate":true,"showSkybox":false,"showFlares":true,"showImageEffects":true,"showParticleSystems":true},"in2DMode":false,"pivot":{"x":-8.0175199508667,"y":0.284119188785553,"z":9.434141159057618},"rotation":{"x":0.001367413904517889,"y":0.9952596426010132,"z":-0.09621098637580872,"w":0.014137452468276024},"size":2.8578836917877199,"orthographic":false}