{"cameraMode":{"drawMode":0,"name":"Shaded","section":"Shading Mode"},"sceneLighting":false,"audioPlay":false,"sceneViewState":{"showFog":true,"showMaterialUpdate":true,"showSkybox":false,"showFlares":true,"showImageEffects":true,"showParticleSystems":true},"in2DMode":false,"pivot":{"x":-250.3291473388672,"y":10.329496383666993,"z":-153.4051971435547},"rotation":{"x":-0.16106241941452027,"y":0.7945305705070496,"z":-0.23953911662101746,"w":-0.5342295169830322},"size":22.87141227722168,"orthographic":false}