{"cameraMode":{"drawMode":0,"name":"Shaded","section":"Shading Mode"},"sceneLighting":false,"audioPlay":false,"sceneViewState":{"showFog":true,"showMaterialUpdate":true,"showSkybox":false,"showFlares":true,"showImageEffects":true,"showParticleSystems":true},"in2DMode":false,"pivot":{"x":-220.85899353027345,"y":0.48774898052215578,"z":-161.90899658203126},"rotation":{"x":-0.09008212387561798,"y":-0.7438281178474426,"z":0.10240907222032547,"w":-0.6543067693710327},"size":6.518959045410156,"orthographic":false}