{"cameraMode":{"drawMode":0,"name":"Shaded","section":"Shading Mode"},"sceneLighting":false,"audioPlay":false,"sceneViewState":{"showFog":true,"showMaterialUpdate":true,"showSkybox":false,"showFlares":true,"showImageEffects":true,"showParticleSystems":true},"in2DMode":false,"pivot":{"x":-286.5479736328125,"y":-0.5643303394317627,"z":-178.6310577392578},"rotation":{"x":0.027655359357595445,"y":0.9703826308250427,"z":-0.19808429479599,"w":0.13548199832439423},"size":6.3120245933532719,"orthographic":false}