{"cameraMode":{"drawMode":0,"name":"Shaded","section":"Shading Mode"},"sceneLighting":false,"audioPlay":false,"sceneViewState":{"showFog":true,"showMaterialUpdate":true,"showSkybox":false,"showFlares":true,"showImageEffects":true,"showParticleSystems":true},"in2DMode":false,"pivot":{"x":-255.07614135742188,"y":0.0375978946685791,"z":-174.60055541992188},"rotation":{"x":0.01678236573934555,"y":-0.9807215332984924,"z":0.0977599173784256,"w":0.16836488246917725},"size":8.762125968933106,"orthographic":false}