{"cameraMode":{"drawMode":0,"name":"Shaded","section":"Shading Mode"},"sceneLighting":false,"audioPlay":false,"sceneViewState":{"showFog":true,"showMaterialUpdate":true,"showSkybox":false,"showFlares":true,"showImageEffects":true,"showParticleSystems":true},"in2DMode":false,"pivot":{"x":-290.6514892578125,"y":20.297096252441408,"z":-152.3184356689453},"rotation":{"x":0.1897299885749817,"y":-0.010636773891746998,"z":0.002057058038190007,"w":0.9817765951156616},"size":22.19475555419922,"orthographic":false}