{"cameraMode":{"drawMode":0,"name":"Shaded","section":"Shading Mode"},"sceneLighting":false,"audioPlay":false,"sceneViewState":{"showFog":true,"showMaterialUpdate":true,"showSkybox":false,"showFlares":true,"showImageEffects":true,"showParticleSystems":true},"in2DMode":false,"pivot":{"x":-302.0975036621094,"y":7.391712188720703,"z":-7.073925018310547},"rotation":{"x":-0.0003537491720635444,"y":-0.9985774755477905,"z":0.052898846566677096,"w":-0.006685785483568907},"size":3.835967779159546,"orthographic":false}