{"cameraMode":{"drawMode":0,"name":"Shaded","section":"Shading Mode"},"sceneLighting":false,"audioPlay":false,"sceneViewState":{"showFog":true,"showMaterialUpdate":true,"showSkybox":false,"showFlares":true,"showImageEffects":true,"showParticleSystems":true},"in2DMode":false,"pivot":{"x":-219.08351135253907,"y":2.009999990463257,"z":-151.82000732421876},"rotation":{"x":0.23516981303691865,"y":0.0165261123329401,"z":-0.003999905660748482,"w":0.9718055725097656},"size":5.472431182861328,"orthographic":false}