{"cameraMode":{"drawMode":0,"name":"Shaded","section":"Shading Mode"},"sceneLighting":false,"audioPlay":false,"sceneViewState":{"showFog":true,"showMaterialUpdate":true,"showSkybox":false,"showFlares":true,"showImageEffects":true,"showParticleSystems":true},"in2DMode":false,"pivot":{"x":-291.3299865722656,"y":13.739999771118164,"z":-267.55999755859377},"rotation":{"x":-0.1287173628807068,"y":0.22069646418094636,"z":-0.029396139085292817,"w":-0.9663647413253784},"size":8.035741806030274,"orthographic":false}