{"cameraMode":{"drawMode":0,"name":"Shaded","section":"Shading Mode"},"sceneLighting":false,"audioPlay":false,"sceneViewState":{"showFog":true,"showMaterialUpdate":true,"showSkybox":false,"showFlares":true,"showImageEffects":true,"showParticleSystems":true},"in2DMode":false,"pivot":{"x":-263.48382568359377,"y":1.504096269607544,"z":-149.2738037109375},"rotation":{"x":0.08086007088422775,"y":-0.7410077452659607,"z":0.09073004126548767,"w":0.6604069471359253},"size":3.085404872894287,"orthographic":false}